<?xml version="1.0" encoding="UTF-8"?>



<!DOCTYPE hibernate-configuration 
PUBLIC "-//Hibernate/Hibernate Configuration DTD 3.0//EN" 
"http://www.hibernate.org/dtd/hibernate-configuration-3.0.dtd">

<hibernate-configuration>
  <session-factory>
   
    <property name="hbm2ddl.auto">update</property>
    <property name="hibernate.dialect">org.hibernate.dialect.MySQLDialect</property>
    <property name="hibernate.connection.driver_class">com.mysql.jdbc.Driver</property>
    <property name="hibernate.connection.url">jdbc:mysql://127.0.0.1:3306/groceryshop</property>
    <property name="hibernate.connection.username">root</property>    
    <property name="hibernate.show_sql">true</property> 
    
    
    <mapping class="Entity.product"/>
    <mapping class="Entity.userdetails"/>
    <mapping class="Entity.staples"/>
     <mapping class="Entity.snacks"/>
     <mapping class="Entity.food"/>
   <mapping class="Entity.house"/>
    <mapping class="Entity.babycare"/>
   <mapping class="Entity.kitchen"/>
    
		
  </session-factory>
</hibernate-configuration>